{
    "dji fc300x": {
        "k2": 0.0, 
        "width": 4000, 
        "height": 3000, 
        "focal_prior": 0.5555555555555556, 
        "k1": 0.0, 
        "focal": 0.5555555555555556
    }
}